{
  "total_samples": 100,
  "valid_predictions": 42,
  "accuracy": 0.5952380952380952,
  "precision": 0.7142857142857143,
  "recall": 0.6896551724137931,
  "specificity": 0.38461538461538464,
  "f1_score": 0.7017543859649122,
  "confusion_matrix": {
    "tn": 5,
    "fp": 8,
    "fn": 9,
    "tp": 20
  },
  "auroc": 0.5371352785145889,
  "auprc": 0.7068965517241379
}