{
  "total_samples": 100,
  "valid_predictions": 99,
  "accuracy": 0.5151515151515151,
  "precision": 0.676923076923077,
  "recall": 0.6197183098591549,
  "specificity": 0.25,
  "f1_score": 0.6470588235294118,
  "confusion_matrix": {
    "tn": 7,
    "fp": 21,
    "fn": 27,
    "tp": 44
  },
  "auroc": 0.43485915492957744,
  "auprc": 0.6922288978627007
}