{
  "total_samples": 100,
  "valid_predictions": 100,
  "accuracy": 0.64,
  "precision": 0.6956521739130435,
  "recall": 0.8888888888888888,
  "specificity": 0.0,
  "f1_score": 0.7804878048780488,
  "confusion_matrix": {
    "tn": 0,
    "fp": 28,
    "fn": 8,
    "tp": 64
  },
  "auroc": 0.4444444444444444,
  "auprc": 0.6983574879227054
}