{
  "total_samples": 100,
  "valid_predictions": 99,
  "accuracy": 0.5757575757575758,
  "precision": 0.7142857142857143,
  "recall": 0.6944444444444444,
  "specificity": 0.25925925925925924,
  "f1_score": 0.704225352112676,
  "confusion_matrix": {
    "tn": 7,
    "fp": 20,
    "fn": 22,
    "tp": 50
  },
  "auroc": 0.47685185185185186,
  "auprc": 0.7182539682539683
}