{
  "total_samples": 100,
  "valid_predictions": 57,
  "accuracy": 0.5263157894736842,
  "precision": 0.6666666666666666,
  "recall": 0.65,
  "specificity": 0.23529411764705882,
  "f1_score": 0.6582278481012658,
  "confusion_matrix": {
    "tn": 4,
    "fp": 13,
    "fn": 14,
    "tp": 26
  },
  "auroc": 0.44264705882352945,
  "auprc": 0.6789473684210526
}