{
  "total_samples": 100,
  "valid_predictions": 100,
  "accuracy": 0.59,
  "precision": 0.6962025316455697,
  "recall": 0.7638888888888888,
  "specificity": 0.14285714285714285,
  "f1_score": 0.7284768211920529,
  "confusion_matrix": {
    "tn": 4,
    "fp": 24,
    "fn": 17,
    "tp": 55
  },
  "auroc": 0.45337301587301587,
  "auprc": 0.7018213783403657
}